duplex,5.464
flat,4.627684964200477
countryHouse,8.0
penthouse,5.111111111111111
studio,1.1111111111111112
chalet,8.878205128205128
